{
  "project_info": {
    "project_number": "468151500170",
    "project_id": "bdd-dap",
    "storage_bucket": "bdd-dap.appspot.com"
  },
  "client": [
    {
      "client_info": {
        "mobilesdk_app_id": "1:468151500170:android:cfdc68d4e651d022bb1c73",
        "android_client_info": {
          "package_name": "com.example.proyectofinal"
        }
      },
      "oauth_client": [],
      "api_key": [
        {
          "current_key": "AIzaSyCMo3Mm8V7KtrxhIeOFXyM2sFJr1r_WZhs"
        }
      ],
      "services": {
        "appinvite_service": {
          "other_platform_oauth_client": []
        }
      }
    }
  ],
  "configuration_version": "1"
}